{
    "faces":[35,3,2,7,8,0,0,0,0,0,35,1,0,5,6,0,1,1,1,1,35,2,1,6,7,0,2,2,2,2,35,0,4,9,5,0,3,3,3,3,35,6,5,10,11,0,4,4,4,4,35,7,6,11,12,0,5,5,5,5,35,5,9,14,10,0,6,6,6,6,35,8,7,12,13,0,7,7,7,7,35,13,12,17,18,0,8,8,8,8,35,11,10,15,16,0,9,9,9,9,35,12,11,16,17,0,10,10,10,10,35,10,14,19,15,0,11,11,11,11,35,18,17,22,23,0,8,8,8,8,35,16,15,20,21,0,12,12,12,12,35,17,16,21,22,0,13,13,13,13,35,15,19,24,20,0,14,14,14,14,35,23,22,27,28,0,8,8,8,8,35,21,20,25,26,0,15,15,15,15,35,22,21,26,27,0,16,16,16,16,35,20,24,29,25,0,17,17,17,17,35,28,27,32,33,0,18,18,18,18,35,26,25,30,31,0,19,19,19,19,35,27,26,31,32,0,20,20,20,20,35,25,29,34,30,0,21,21,21,21,35,30,34,39,35,0,22,22,22,22,35,33,32,37,38,0,23,23,23,23,35,31,30,35,36,0,24,24,24,24,35,32,31,36,37,0,25,25,25,25,35,37,36,41,42,0,26,26,26,26,35,35,39,44,40,0,27,27,27,27,35,38,37,42,43,0,28,28,28,28,35,36,35,40,41,0,29,29,29,29,35,42,41,46,47,0,30,30,30,30,35,40,44,49,45,0,31,31,31,31,35,43,42,47,48,0,0,0,0,0,35,41,40,45,46,0,32,32,32,32],
    "vertices":[0.3,0.5,-0,0.3,0.6,-0,0.1,0.7,-0,0,0.7,-0,0,0.3,-0,0.229813,0.5,0.192836,0.229813,0.6,0.192836,0.076604,0.7,0.064279,0,0.7,-0,0,0.3,-0,0.052094,0.5,0.295442,0.052094,0.6,0.295442,0.017365,0.7,0.098481,0,0.7,-0,0,0.3,-0,-0.15,0.5,0.259808,-0.15,0.6,0.259808,-0.05,0.7,0.086603,0,0.7,-0,0,0.3,-0,-0.281908,0.5,0.102606,-0.281908,0.6,0.102606,-0.093969,0.7,0.034202,0,0.7,-0,0,0.3,-0,-0.281908,0.5,-0.102606,-0.281908,0.6,-0.102606,-0.093969,0.7,-0.034202,0,0.7,-0,0,0.3,-0,-0.15,0.5,-0.259808,-0.15,0.6,-0.259808,-0.05,0.7,-0.086603,0,0.7,-0,0,0.3,-0,0.052095,0.5,-0.295442,0.052095,0.6,-0.295442,0.017365,0.7,-0.098481,0,0.7,-0,0,0.3,-0,0.229813,0.5,-0.192836,0.229813,0.6,-0.192836,0.076604,0.7,-0.064279,0,0.7,-0,0,0.3,-0,0.3,0.5,0,0.3,0.6,0,0.1,0.7,-0,0,0.7,-0,0,0.3,-0],
    "uvs":[],
    "name":"PlaneGeometry",
    "normals":[0,-1,-0,-0.939693,-0,-0.34202,-0.441404,-0.882809,-0.160658,-0.543729,0.815594,-0.197902,-0.5,0,-0.866025,-0.234866,-0.882809,-0.4068,-0.289312,0.815594,-0.501104,0,-1,-0,0,-1,0,0.173648,0,-0.984808,0.081568,-0.882809,-0.462596,0.100477,0.815594,-0.569834,0.766045,-0,-0.642787,0.359836,-0.882809,-0.301938,0.443252,0.815594,-0.371933,1,0,0,0.469733,-0.882809,0,0.578625,0.815594,0,-0,-1,0,0.766044,0,0.642788,0.359836,-0.882809,0.301938,0.443252,0.815594,0.371933,0.100477,0.815594,0.569834,-0,-1,0,0.173648,0,0.984808,0.081568,-0.882809,0.462597,-0.234866,-0.882809,0.4068,-0.289312,0.815594,0.501104,-0,-1,-0,-0.5,0,0.866025,-0.441404,-0.882809,0.160658,-0.543729,0.815594,0.197901,-0.939693,0,0.34202],
    "materials":[{
        "blending":"NormalBlending",
        "specularCoef":50,
        "wireframe":false,
        "colorEmissive":[0,0,0],
        "DbgIndex":0,
        "depthWrite":true,
        "DbgColor":15658734,
        "depthTest":true,
        "opacity":1,
        "shading":"phong",
        "vertexColors":false,
        "visible":true,
        "colorDiffuse":[0.64,0.003888,0.007326],
        "colorSpecular":[0.5,0.269118,0.269118],
        "DbgName":"Material.003",
        "transparent":false
    }],
    "colors":[],
    "metadata":{
        "vertices":50,
        "version":3,
        "generator":"io_three",
        "materials":1,
        "colors":0,
        "type":"Geometry",
        "uvs":0,
        "faces":36,
        "normals":33
    }
}