{
    "colors":[],
    "uvs":[],
    "metadata":{
        "colors":0,
        "uvs":0,
        "materials":1,
        "generator":"io_three",
        "faces":50,
        "normals":45,
        "type":"Geometry",
        "vertices":42,
        "version":3
    },
    "materials":[{
        "colorSpecular":[0.878947,0.125167,0.125167],
        "DbgIndex":0,
        "blending":"NormalBlending",
        "opacity":1,
        "DbgColor":15658734,
        "DbgName":"Material",
        "depthWrite":true,
        "transparent":true,
        "colorEmissive":[0,0,0],
        "wireframe":false,
        "shading":"phong",
        "depthTest":true,
        "specularCoef":50,
        "vertexColors":false,
        "visible":true
    }],
    "vertices":[0.999999,0.7,1e-06,-1e-06,1,1e-06,0.199999,1,1e-06,0.323606,-0.1,0.235114,0.809016,0.7,0.587785,0.809016,0.8,0.587785,0.161803,1,0.117557,0.123606,-0.1,0.380422,0.309016,0.7,0.951056,0.309016,0.8,0.951056,0.061803,1,0.190211,-0.123607,-0.1,0.380422,-0.309017,0.7,0.951056,-0.309017,0.8,0.951056,-0.061804,1,0.19021,-0.323607,-0.1,0.235113,-0.809017,0.7,0.587784,-0.809017,0.8,0.587784,-0.161803,1,0.117556,-0.399999,-0.1,-1e-06,-0.999999,0.7,-1e-06,-0.999999,0.8,-1e-06,-0.199999,1,-1e-06,-0.323606,-0.1,-0.235114,-0.809016,0.7,-0.587785,-0.809016,0.8,-0.587785,-0.161803,1,-0.117557,-0.123606,-0.1,-0.380422,-0.309016,0.7,-0.951056,-0.309016,0.8,-0.951056,-0.061803,1,-0.190211,0.123607,-0.1,-0.380422,0.309017,0.7,-0.951056,0.309017,0.8,-0.951056,0.061804,1,-0.190211,0.323607,-0.1,-0.235113,0.809017,0.7,-0.587784,0.809017,0.8,-0.587784,0.161803,1,-0.117556,-1e-06,-0.3,1e-06,0.399999,-0.1,1e-06,0.999999,0.8,1e-06],
    "faces":[34,40,39,3,0,0,0,0,35,2,41,5,6,0,1,1,1,1,35,0,40,3,4,0,2,2,2,2,34,1,2,6,0,3,3,3,35,41,0,4,5,0,4,4,4,4,34,1,6,10,0,5,5,5,35,5,4,8,9,0,6,6,6,6,34,3,39,7,0,7,7,7,35,6,5,9,10,0,8,8,8,8,35,4,3,7,8,0,9,9,9,9,34,1,10,14,0,5,5,5,35,9,8,12,13,0,10,10,10,10,34,7,39,11,0,11,11,11,35,10,9,13,14,0,12,12,12,12,35,8,7,11,12,0,13,13,13,13,34,1,14,18,0,14,14,14,35,13,12,16,17,0,15,15,15,15,34,11,39,15,0,16,16,16,35,14,13,17,18,0,17,17,17,17,35,12,11,15,16,0,18,18,18,18,34,1,18,22,0,19,19,19,35,17,16,20,21,0,20,20,20,20,34,15,39,19,0,21,21,21,35,18,17,21,22,0,22,22,22,22,35,16,15,19,20,0,23,23,23,23,34,1,22,26,0,14,14,14,35,21,20,24,25,0,24,24,24,24,34,19,39,23,0,25,25,25,35,22,21,25,26,0,26,26,26,26,35,20,19,23,24,0,27,27,27,27,34,1,26,30,0,14,14,14,35,25,24,28,29,0,28,28,28,28,34,23,39,27,0,29,29,29,35,26,25,29,30,0,30,30,30,30,35,24,23,27,28,0,31,31,31,31,34,1,30,34,0,32,32,32,35,29,28,32,33,0,33,33,33,33,34,27,39,31,0,34,34,34,35,30,29,33,34,0,35,35,35,35,35,28,27,31,32,0,36,36,36,36,34,1,34,38,0,32,32,32,35,33,32,36,37,0,37,37,37,37,34,31,39,35,0,38,38,38,35,34,33,37,38,0,39,39,39,39,35,32,31,35,36,0,40,40,40,40,34,1,38,2,0,32,32,32,35,0,41,37,36,0,41,41,41,41,34,35,39,40,0,42,42,42,35,38,37,41,2,0,43,43,43,43,35,40,0,36,35,0,44,44,44,44],
    "name":"CubeGeometry",
    "normals":[-0.442566,0.885131,-0.143799,-0.241786,-0.967144,-0.078561,-0.77427,0.580703,-0.251576,-0,-1,-0,-0.951056,0,-0.309018,0,-1,-0,-0.587785,0,-0.809017,-0.27352,0.885131,-0.37647,-0.149432,-0.967144,-0.205676,-0.478525,0.580703,-0.658634,1e-06,0,-1,1e-06,0.885131,-0.465342,0,-0.967144,-0.254229,1e-06,0.580703,-0.814116,0,-1,0,0.587786,0,-0.809017,0.273522,0.885131,-0.37647,0.149432,-0.967144,-0.205675,0.478526,0.580703,-0.658633,0,-1,0,0.951057,0,-0.309016,0.442567,0.885131,-0.143798,0.241786,-0.967144,-0.078561,0.77427,0.580703,-0.251575,0.951056,0,0.309018,0.442567,0.885131,0.143799,0.241786,-0.967144,0.078561,0.77427,0.580703,0.251576,0.587785,0,0.809017,0.27352,0.885131,0.37647,0.149432,-0.967144,0.205676,0.478525,0.580703,0.658634,-0,-1,0,-1e-06,0,1,-1e-06,0.885131,0.465341,-0,-0.967144,0.254229,-1e-06,0.580703,0.814116,-0.587786,0,0.809017,-0.273521,0.885132,0.376468,-0.149432,-0.967144,0.205675,-0.478526,0.580703,0.658633,-0.951057,0,0.309016,-0.442566,0.885132,0.143798,-0.241786,-0.967144,0.078561,-0.77427,0.580703,0.251575]
}