{
    "faces":[35,3,2,6,7,0,0,0,0,0,35,2,1,5,6,0,1,1,1,1,35,1,0,4,5,0,2,2,2,2,35,7,6,10,11,0,3,3,3,3,35,6,5,9,10,0,4,4,4,4,35,5,4,8,9,0,5,5,5,5,35,11,10,14,15,0,6,6,6,6,35,10,9,13,14,0,7,7,7,7,35,9,8,12,13,0,8,8,8,8,35,15,14,18,19,0,9,9,9,9,35,14,13,17,18,0,10,10,10,10,35,13,12,16,17,0,11,11,11,11,35,19,18,22,23,0,12,12,12,12,35,18,17,21,22,0,13,13,13,13,35,17,16,20,21,0,14,14,14,14,35,23,22,26,27,0,15,15,15,15,35,22,21,25,26,0,16,16,16,16,35,21,20,24,25,0,17,17,17,17,35,27,26,30,31,0,18,18,18,18,35,26,25,29,30,0,19,19,19,19,35,25,24,28,29,0,20,20,20,20,35,31,30,34,35,0,21,21,21,21,35,30,29,33,34,0,22,22,22,22,35,29,28,32,33,0,23,23,23,23,35,35,34,38,39,0,24,24,24,24,35,34,33,37,38,0,25,25,25,25,35,33,32,36,37,0,26,26,26,26],
    "uvs":[],
    "name":"PlaneGeometry",
    "normals":[-0.314154,-0.942461,-0.114343,-0.939693,0,-0.34202,-0.684791,0.684791,-0.249244,-0.167158,-0.942461,-0.289526,-0.5,-0,-0.866025,-0.36437,0.684791,-0.631107,0.058053,-0.942461,-0.329236,0.173648,-0,-0.984808,0.126544,0.684791,-0.717668,0.2561,-0.942461,-0.214894,0.766044,-0,-0.642788,0.558247,0.684791,-0.468425,0.334315,-0.942461,0,1,0,0,0.728739,0.684791,0,0.2561,-0.942461,0.214894,0.766044,0,0.642788,0.558247,0.684791,0.468425,0.058053,-0.942461,0.329236,0.173648,0,0.984808,0.126544,0.684791,0.717668,-0.167158,-0.942461,0.289526,-0.5,0,0.866025,-0.36437,0.684791,0.631107,-0.314154,-0.942461,0.114343,-0.939693,0,0.34202,-0.684791,0.684791,0.249243],
    "vertices":[0,0,0,0.3,0.3,-0,0.3,0.4,-0,0,0.5,-0,0,0,0,0.229813,0.3,0.192836,0.229813,0.4,0.192836,0,0.5,-0,0,0,0,0.052094,0.3,0.295442,0.052094,0.4,0.295442,0,0.5,-0,0,0,0,-0.15,0.3,0.259808,-0.15,0.4,0.259808,0,0.5,-0,0,0,0,-0.281908,0.3,0.102606,-0.281908,0.4,0.102606,0,0.5,-0,0,0,0,-0.281908,0.3,-0.102606,-0.281908,0.4,-0.102606,0,0.5,-0,0,0,0,-0.15,0.3,-0.259808,-0.15,0.4,-0.259808,0,0.5,-0,0,0,0,0.052095,0.3,-0.295442,0.052095,0.4,-0.295442,0,0.5,-0,0,0,0,0.229813,0.3,-0.192836,0.229813,0.4,-0.192836,0,0.5,-0,0,0,0,0.3,0.3,0,0.3,0.4,0,0,0.5,-0],
    "colors":[],
    "materials":[{
        "colorEmissive":[0,0,0],
        "depthTest":true,
        "blending":"NormalBlending",
        "specularCoef":50,
        "colorDiffuse":[0.007185,0.8,0],
        "shading":"phong",
        "depthWrite":true,
        "DbgColor":15658734,
        "vertexColors":false,
        "DbgName":"Material.002",
        "colorSpecular":[0.255841,0.5,0.200989],
        "opacity":1,
        "DbgIndex":0,
        "wireframe":false,
        "transparent":false,
        "visible":true
    }],
    "metadata":{
        "type":"Geometry",
        "uvs":0,
        "faces":27,
        "version":3,
        "normals":27,
        "vertices":40,
        "colors":0,
        "materials":1,
        "generator":"io_three"
    }
}