{
    "faces":[34,0,1,2,0,0,0,0,34,1,0,5,0,1,1,1,34,0,2,3,0,2,2,2,34,0,3,4,0,3,3,3,34,0,4,5,0,4,4,4,34,1,5,10,0,5,5,5,34,2,1,6,0,6,6,6,34,3,2,7,0,7,7,7,34,4,3,8,0,8,8,8,34,5,4,9,0,9,9,9,34,1,10,6,0,10,10,10,34,2,6,7,0,11,11,11,34,3,7,8,0,12,12,12,34,4,8,9,0,13,13,13,34,5,9,10,0,14,14,14,34,6,10,11,0,15,15,15,34,7,6,11,0,16,16,16,34,8,7,11,0,17,17,17,34,9,8,11,0,18,18,18,34,10,9,11,0,19,19,19],
    "vertices":[0,0.4,-0,0.28944,0.621114,0.210288,-0.110554,0.621114,0.340256,-0.35777,0.621114,-0,-0.110554,0.621114,-0.340256,0.28944,0.621114,-0.210288,0.110554,0.978886,0.340256,-0.28944,0.978886,0.210288,-0.28944,0.978886,-0.210288,0.110554,0.978886,-0.340256,0.35777,0.978886,-0,0,1.2,-0],
    "uvs":[],
    "name":"Icosphere.001Geometry.1",
    "normals":[0.187597,-0.794651,0.577354,0.607065,-0.794652,0,-0.491122,-0.794652,0.356829,-0.491122,-0.794652,-0.356829,0.187597,-0.794651,-0.577354,0.982246,-0.187597,0,0.303536,-0.187589,0.934171,-0.794649,-0.187587,0.577359,-0.794649,-0.187587,-0.577359,0.303536,-0.187589,-0.934171,0.794649,0.187587,0.577359,-0.303536,0.187589,0.934171,-0.982246,0.187597,0,-0.303536,0.187589,-0.934171,0.794649,0.187587,-0.577359,0.491122,0.794652,0.356829,-0.187597,0.794651,0.577353,-0.607064,0.794653,0,-0.187597,0.794651,-0.577353,0.491122,0.794652,-0.356829],
    "materials":[{
        "blending":"NormalBlending",
        "wireframe":false,
        "colorEmissive":[0,0,0],
        "DbgIndex":0,
        "depthWrite":true,
        "DbgColor":15658734,
        "depthTest":true,
        "opacity":1,
        "shading":"lambert",
        "vertexColors":false,
        "visible":true,
        "colorDiffuse":[0.181264,0.091493,0.040706],
        "DbgName":"Material.004",
        "transparent":false
    }],
    "colors":[],
    "metadata":{
        "vertices":12,
        "version":3,
        "generator":"io_three",
        "materials":1,
        "colors":0,
        "type":"Geometry",
        "uvs":0,
        "faces":20,
        "normals":20
    }
}