{
    "colors":[],
    "uvs":[],
    "metadata":{
        "colors":0,
        "uvs":0,
        "materials":1,
        "generator":"io_three",
        "faces":20,
        "normals":20,
        "type":"Geometry",
        "vertices":12,
        "version":3
    },
    "materials":[{
        "colorSpecular":[0.026316,0.026316,0.026316],
        "DbgIndex":0,
        "blending":"NormalBlending",
        "opacity":1,
        "DbgColor":15658734,
        "DbgName":"Material.001",
        "depthWrite":true,
        "transparent":false,
        "colorEmissive":[0,0,0],
        "wireframe":false,
        "shading":"phong",
        "depthTest":true,
        "specularCoef":50,
        "vertexColors":false,
        "visible":true
    }],
    "vertices":[0,-1,0,0.7236,-0.447215,0.52572,-0.276385,-0.447215,0.85064,-0.894425,-0.447215,0,-0.276385,-0.447215,-0.85064,0.7236,-0.447215,-0.52572,0.276385,0.447215,0.85064,-0.7236,0.447215,0.52572,-0.7236,0.447215,-0.52572,0.276385,0.447215,-0.85064,0.894425,0.447215,-0,0,1,-0],
    "faces":[34,0,1,2,0,0,0,0,34,1,0,5,0,1,1,1,34,0,2,3,0,2,2,2,34,0,3,4,0,3,3,3,34,0,4,5,0,4,4,4,34,1,5,10,0,5,5,5,34,2,1,6,0,6,6,6,34,3,2,7,0,7,7,7,34,4,3,8,0,8,8,8,34,5,4,9,0,9,9,9,34,1,10,6,0,10,10,10,34,2,6,7,0,11,11,11,34,3,7,8,0,12,12,12,34,4,8,9,0,13,13,13,34,5,9,10,0,14,14,14,34,6,10,11,0,15,15,15,34,7,6,11,0,16,16,16,34,8,7,11,0,17,17,17,34,9,8,11,0,18,18,18,34,10,9,11,0,19,19,19],
    "name":"IcosphereGeometry",
    "normals":[0.187597,-0.794651,0.577354,0.607065,-0.794652,0,-0.491122,-0.794652,0.356829,-0.491122,-0.794652,-0.356829,0.187597,-0.794651,-0.577354,0.982246,-0.187597,0,0.303536,-0.187589,0.934171,-0.794649,-0.187587,0.577359,-0.794649,-0.187587,-0.577359,0.303536,-0.187589,-0.934171,0.794649,0.187587,0.577359,-0.303536,0.187589,0.934171,-0.982246,0.187597,-0,-0.303536,0.187589,-0.934171,0.794649,0.187587,-0.577359,0.491122,0.794652,0.356829,-0.187597,0.794651,0.577354,-0.607065,0.794652,-0,-0.187597,0.794651,-0.577354,0.491122,0.794652,-0.356829]
}